1,レディース,
2,メンズ,
3,ベビー・キッズ,
4,バッグ,1
5,アクセサリー,1
6,ヘアアクセサリー,2
7,小物,2
8,時計,3
9,ウィッグ/エクステ,3
10,その他,3
11,Tシャツ/半袖,1/4
12,Tシャツ/長袖,1/4
13,シャツ/半袖,1/5
14,シャツ/長袖,1/5
15,パジャマ/半袖,1/6
16,パジャマ/長袖,1/6
17,ブラウス/半袖,1/7
18,ブラウス/長袖,1/7
19,Tシャツ/半袖,1/8
20,Tシャツ/長袖,1/8
21,シャツ/半袖,1/9
22,シャツ/長袖,1/9
23,パジャマ/半袖,1/10
24,パジャマ/長袖,1/10
25,ブラウス/半袖,2/4
26,ブラウス/長袖,2/4
27,Tシャツ/半袖,2/5
28,Tシャツ/長袖,2/5
29,シャツ/半袖,2/6
30,シャツ/長袖,2/6
31,パジャマ/半袖,2/7
32,パジャマ/長袖,2/7
33,ブラウス/半袖,2/7
34,ブラウス/長袖,2/7
35,Tシャツ/半袖,2/7
36,Tシャツ/長袖,2/7
37,シャツ/半袖,3/1
38,シャツ/長袖,3/1
39,パジャマ/半袖,3/2
40,パジャマ/長袖,3/8
41,ブラウス/半袖,3/9
42,ブラウス/長袖,3/10